path	section	priority	last_revised	notes
README.md	(root)			
about/README.md	about			
about/inventory.md	about			
apps/README.md	apps			
apps/apps-for-android.md	apps			
apps/apps-for-beginners.md	apps			
apps/apps-for-ipad.md	apps			
apps/bundled-software.md	apps			
apps/list-of-apps.md	apps			
apps/recommended-apps.md	apps			
apps/tips/README.md	apps			
apps/tips/canvas-on-another-display.md	apps			
basics/README.md	basics			
basics/app-compat.md	basics			
basics/beginners-guide.md	basics			
basics/drawing-experience.md	basics			
basics/drawtab-types/README.md	basics			
basics/drawtab-types/intro-2-in-1-laptops.md	basics			
basics/drawtab-types/intro-mobile-devices.md	basics			
basics/drawtab-types/intro-pen-computers.md	basics			
basics/drawtab-types/intro-pen-displays.md	basics			
basics/drawtab-types/intro-pen-tablets.md	basics			
basics/drawtabs-vs-mice.md	basics			
basics/getting-started.md	basics			
basics/learning-digital-art.md	basics			
basics/learning-drawtabs.md	basics			
basics/scenarios/3d-workflows.md	basics			
basics/scenarios/README.md	basics			
basics/scenarios/edu-vids.md	basics			
basics/scenarios/gaming.md	basics			
basics/scenarios/replacing-mouse.md	basics			
basics/scenarios/taking-notes.md	basics			
basics/scenarios/whiteboarding.md	basics			
basics/support.md	basics			
brands/README.md	brands			
brands/choosing-drawtab-brand.md	brands			
brands/drawtab-brands-vs-digitizers.md	brands			
brands/huion-and-xppen.md	brands			
brands/wacom.md	brands			
brands/xencelabs.md	brands			
buying/README.md	buying			
buying/buying-tips.md	buying			
buying/choosing-pendisplay-resolution.md	buying			
buying/choosing-size.md	buying			
buying/gifting-drawtabs.md	buying			
buying/how-many-pressure-levels.md	buying			
buying/inspecting-drawtab.md	buying			
buying/pen-computer-alternatives.md	buying			
buying/pen-computers-bad.md	buying			
buying/pen-computers-vs-pen-enabled-laptops.md	buying			
buying/pen-tablets-vs-pen-displays.md	buying			
buying/pro-drawtabs.md	buying			
buying/simulating-size.md	buying			
buying/switch-brands/README.md	buying			
buying/switch-brands/switch-ipad-to-drawtab.md	buying			
buying/switch-pentab-to-pendisplay.md	buying			
buying/used-drawtabs.md	buying			
catalog/README.md	catalog			
catalog/accessories/README.md	catalog			
catalog/accessories/arms/README.md	catalog			
catalog/accessories/arms/ergotron-monitor-arms.md	catalog			
catalog/accessories/auxiliary-input-devices/8bitdo-controller.md	catalog			
catalog/accessories/auxiliary-input-devices/README.md	catalog			
catalog/accessories/auxiliary-input-devices/clip-studio-tabmate.md	catalog			
catalog/accessories/auxiliary-input-devices/huion-keydial.md	catalog			
catalog/accessories/auxiliary-input-devices/tourbox/README.md	catalog			
catalog/accessories/auxiliary-input-devices/tourbox/tourbox-notes.md	catalog			
catalog/accessories/auxiliary-input-devices/xencelabs-quick-keys.md	catalog			
catalog/accessories/auxiliary-input-devices/xppen-shortcut-remote.md	catalog			
catalog/accessories/cable-adapters.md	catalog			
catalog/accessories/cables/README.md	catalog			
catalog/accessories/cables/cablematters-thunderbolt-3-cable.md	catalog			
catalog/accessories/custom-screen-protectors.md	catalog			
catalog/accessories/docks-and-hubs/README.md	catalog			
catalog/accessories/docks-and-hubs/caldigit/README.md	catalog			
catalog/accessories/docks-and-hubs/caldigit/caldigit-ts4-thunderbolt-dock.md	catalog			
catalog/accessories/docks-and-hubs/caldigit/caldigit-usbc-to-hdmi-2.1-adapter.md	catalog			
catalog/accessories/docks-and-hubs/wacom-ack45219z-notes.md	catalog			
catalog/accessories/drawing-gloves.md	catalog			
catalog/accessories/drawtab-mice.md	catalog			
catalog/accessories/extension-cables.md	catalog			
catalog/accessories/keyboards.md	catalog			
catalog/accessories/pen-cases.md	catalog			
catalog/accessories/pen-grips/README.md	catalog			
catalog/accessories/pen-grips/hagurumado-grips.md	catalog			
catalog/accessories/screen-cleaning-sprays.md	catalog			
catalog/accessories/stands/README.md	catalog			
catalog/accessories/stands/huion-st100-stand.md	catalog			
catalog/accessories/stands/ipad-stands.md	catalog			
catalog/accessories/stands/parblo-pr-100-stand.md	catalog			
catalog/accessories/stands/vivo-v100r.md	catalog			
catalog/accessories/stands/xencelabs-mobile-easel.md	catalog			
catalog/accessories/stands/xoot-stand.md	catalog			
catalog/accessories/stands/xppen-ac41-ac420-stands.md	catalog			
catalog/accessories/stands/xppen-acs15.md	catalog			
catalog/accessories/surface-protectors/screen-protectors/README.md	catalog			
catalog/accessories/surface-protectors/screen-protectors/paperlike-for-ipads.md	catalog			
catalog/accessories/surface-protectors/screen-protectors/photodon-screen-protectors.md	catalog			
catalog/accessories/surface-protectors/screen-protectors/screen-protectors-for-ipads.md	catalog			
catalog/accessories/surface-protectors/surface-protectors/README.md	catalog			
catalog/accessories/surface-protectors/surface-protectors/eplastic-sheets.md	catalog			
catalog/accessories/surface-protectors/surface-protectors/foxbox-covers.md	catalog			
catalog/accessories/surface-protectors/surface-protectors/wacom-texture-sheets.md	catalog			
catalog/accessories/tablet-cases.md	catalog			
catalog/apps/README.md	catalog			
catalog/apps/adobe-photoshop.md	catalog			
catalog/apps/affinity.md	catalog			
catalog/apps/autodesk-maya.md	catalog			
catalog/apps/blender.md	catalog			
catalog/apps/ciallo.md	catalog			
catalog/apps/clip-studio-paint/README.md	catalog			
catalog/apps/clip-studio-paint/tip-csp-pen-eraser.md	catalog			
catalog/apps/concepts-app.md	catalog			
catalog/apps/expresii.md	catalog			
catalog/apps/feather-3d.md	catalog			
catalog/apps/fireaplaca.md	catalog			
catalog/apps/freeform.md	catalog			
catalog/apps/fresco.md	catalog			
catalog/apps/heavypaint.md	catalog			
catalog/apps/hipaint.md	catalog			
catalog/apps/ibis-paint.md	catalog			
catalog/apps/infinite-painter.md	catalog			
catalog/apps/inkscape.md	catalog			
catalog/apps/kleki.md	catalog			
catalog/apps/krita.md	catalog			
catalog/apps/leonardo.md	catalog			
catalog/apps/medibang-pro.md	catalog			
catalog/apps/medibang.md	catalog			
catalog/apps/microsoft-onenote.md	catalog			
catalog/apps/microsoft-paint.md	catalog			
catalog/apps/microsoft-powerpoint.md	catalog			
catalog/apps/microsoft-whiteboard.md	catalog			
catalog/apps/mypaint.md	catalog			
catalog/apps/painter.md	catalog			
catalog/apps/paintstorm-studio.md	catalog			
catalog/apps/painttool-sai.md	catalog			
catalog/apps/photoshop.md	catalog			
catalog/apps/pixieditor.md	catalog			
catalog/apps/procreate.md	catalog			
catalog/apps/rebelle.md	catalog			
catalog/apps/samsung-notes.md	catalog			
catalog/apps/stylusx.md	catalog			
catalog/apps/wacom-canvas.md	catalog			
catalog/apps/wacom-instant-pen-display.md	catalog			
catalog/apps/wacom-preference-file-utility.md	catalog			
catalog/apps/zoomit.md	catalog			
catalog/computers/README.md	catalog			
catalog/computers/apple/README.md	catalog			
catalog/computers/apple/apple-m3-macbook-pro.md	catalog			
catalog/computers/microsoft/README.md	catalog			
catalog/computers/microsoft/microsoft-surface-pro-9/README.md	catalog			
catalog/computers/microsoft/microsoft-surface-pro-9/microsoft-surface-pro-7-notes.md	catalog			
catalog/computers/microsoft/microsoft-surface-pro-9/microsoft-surface-pro-8-notes.md	catalog			
catalog/computers/minisforum/README.md	catalog			
catalog/computers/minisforum/minisforum-neptune-hx99g-notes.md	catalog			
catalog/computers/minisforum/minisforum-um870-slim-notes.md	catalog			
catalog/computers/samsung/README.md	catalog			
catalog/computers/samsung/samsung-galaxy-book-360.md	catalog			
catalog/drawtabs/README.md	catalog			
catalog/drawtabs/apple/README.md	catalog			
catalog/drawtabs/apple/apple-ipad-notes.md	catalog			
catalog/drawtabs/apple/apple-ipad-vs-samsung-tab-s.md	catalog			
catalog/drawtabs/apple/apple-ipad.md	catalog			
catalog/drawtabs/apple/ipad-as-pen-display.md	catalog			
catalog/drawtabs/apple/ipad-vs-drawtab.md	catalog			
catalog/drawtabs/artisul.md	catalog			
catalog/drawtabs/asus/README.md	catalog			
catalog/drawtabs/asus/asus-pro-art-pen-display.md	catalog			
catalog/drawtabs/dell/README.md	catalog			
catalog/drawtabs/dell/dell-canvas-27.md	catalog			
catalog/drawtabs/digidraw/README.md	catalog			
catalog/drawtabs/digidraw/digidraw-t610-notes.md	catalog			
catalog/drawtabs/gaomon/README.md	catalog			
catalog/drawtabs/gaomon/gaomon-pen-displays.md	catalog			
catalog/drawtabs/gaomon/gaomon-pen-tablets.md	catalog			
catalog/drawtabs/huion/README.md	catalog			
catalog/drawtabs/huion/dial-problems-gs1333-gs1563.md	catalog			
catalog/drawtabs/huion/huion-g930l-notes.md	catalog			
catalog/drawtabs/huion/huion-gs1331-notes.md	catalog			
catalog/drawtabs/huion/huion-gs1333-notes.md	catalog			
catalog/drawtabs/huion/huion-gs1562-notes.md	catalog			
catalog/drawtabs/huion/huion-gs1563-notes.md	catalog			
catalog/drawtabs/huion/huion-gs2202-notes.md	catalog			
catalog/drawtabs/huion/huion-gs2203-notes.md	catalog			
catalog/drawtabs/huion/huion-gt1562-notes.md	catalog			
catalog/drawtabs/huion/huion-gt156v2-notes.md	catalog			
catalog/drawtabs/huion/huion-gt1902-notes.md	catalog			
catalog/drawtabs/huion/huion-gt2401-notes.md	catalog			
catalog/drawtabs/huion/huion-gt2402-notes.md	catalog			
catalog/drawtabs/huion/huion-h1061p-notes.md	catalog			
catalog/drawtabs/huion/huion-hs611-notes.md	catalog			
catalog/drawtabs/huion/huion-l610-notes.md	catalog			
catalog/drawtabs/huion/huion-pen-displays.md	catalog			
catalog/drawtabs/huion/huion-pen-tablets.md	catalog			
catalog/drawtabs/huion/huion-q630m-notes.md	catalog			
catalog/drawtabs/huion/huion-rtp700-notes.md	catalog			
catalog/drawtabs/huion/huion-standalone.md	catalog			
catalog/drawtabs/huion/huion-wh1409v2-notes.md	catalog			
catalog/drawtabs/oneplus/README.md	catalog			
catalog/drawtabs/oneplus/oneplus-pad.md	catalog			
catalog/drawtabs/samsung/README.md	catalog			
catalog/drawtabs/samsung/samsung-galaxy-tab-a-series.md	catalog			
catalog/drawtabs/samsung/samsung-galaxy-tab-s-series/README.md	catalog			
catalog/drawtabs/samsung/samsung-galaxy-tab-s-series/samsung-tab-s-notes.md	catalog			
catalog/drawtabs/samsung/samsung-galaxy-tab-s-series/samsung-tab-s11ultra-notes.md	catalog			
catalog/drawtabs/samsung/samsung-galaxy-tab-s-series/samsung-tab-s6lite-notes.md	catalog			
catalog/drawtabs/samsung/samsung-galaxy-tab-s-series/samsung-tab-s8ultra-notes.md	catalog			
catalog/drawtabs/samsung/samsung-galaxy-tab-s-series/samsung-tab-s9fe-notes.md	catalog			
catalog/drawtabs/ugee.md	catalog			
catalog/drawtabs/wacom/README.md	catalog			
catalog/drawtabs/wacom/one-by-wacom/README.md	catalog			
catalog/drawtabs/wacom/one-by-wacom/wacom-ctlx72-notes.md	catalog			
catalog/drawtabs/wacom/wacom-bamboo/README.md	catalog			
catalog/drawtabs/wacom/wacom-bamboo/wacom-ctl470-notes.md	catalog			
catalog/drawtabs/wacom/wacom-cintiq-pro/README.md	catalog			
catalog/drawtabs/wacom/wacom-cintiq-pro/wacom-cintiq-pro-engine-dpm-w1000x.md	catalog			
catalog/drawtabs/wacom/wacom-cintiq-pro/wacom-dth162-notes.md	catalog			
catalog/drawtabs/wacom/wacom-cintiq-pro/wacom-dth167-notes.md	catalog			
catalog/drawtabs/wacom/wacom-cintiq-pro/wacom-dth172-notes.md	catalog			
catalog/drawtabs/wacom/wacom-cintiq-pro/wacom-dth227-notes.md	catalog			
catalog/drawtabs/wacom/wacom-cintiq-pro/wacom-dth271-notes.md	catalog			
catalog/drawtabs/wacom/wacom-cintiq-pro/wacom-dth3220-notes.md	catalog			
catalog/drawtabs/wacom/wacom-cintiq-pro/wacom-dtx2420-notes.md	catalog			
catalog/drawtabs/wacom/wacom-cintiq/README.md	catalog			
catalog/drawtabs/wacom/wacom-cintiq/wacom-dth246-notes.md	catalog			
catalog/drawtabs/wacom/wacom-cintiq/wacom-dtk1660-notes.md	catalog			
catalog/drawtabs/wacom/wacom-cintiq/wacom-dtk168-notes.md	catalog			
catalog/drawtabs/wacom/wacom-cintiq/wacom-dtk2100-notes.md	catalog			
catalog/drawtabs/wacom/wacom-cintiq/wacom-dtk2260-notes.md	catalog			
catalog/drawtabs/wacom/wacom-cintiq/wacom-dtk2700-notes.md	catalog			
catalog/drawtabs/wacom/wacom-cintiq/wacom-dtz2100-notes.md	catalog			
catalog/drawtabs/wacom/wacom-consumer-tablets.md	catalog			
catalog/drawtabs/wacom/wacom-final-driver-notices.md	catalog			
catalog/drawtabs/wacom/wacom-firmware-updates.md	catalog			
catalog/drawtabs/wacom/wacom-intuos-pro-2013.md	catalog			
catalog/drawtabs/wacom/wacom-intuos-pro-2017/README.md	catalog			
catalog/drawtabs/wacom/wacom-intuos-pro-2017/buying-pthx60-in-2026.md	catalog			
catalog/drawtabs/wacom/wacom-intuos-pro-2017/wacom-pthx60-notes.md	catalog			
catalog/drawtabs/wacom/wacom-intuos-pro-2025/README.md	catalog			
catalog/drawtabs/wacom/wacom-intuos-pro-2025/wacom-ptkx70-notes.md	catalog			
catalog/drawtabs/wacom/wacom-intuos/README.md	catalog			
catalog/drawtabs/wacom/wacom-intuos/wacom-ctlx100-notes.md	catalog			
catalog/drawtabs/wacom/wacom-intuos1/README.md	catalog			
catalog/drawtabs/wacom/wacom-intuos1/wacom-gdxxxx-notes.md	catalog			
catalog/drawtabs/wacom/wacom-intuos2.md	catalog			
catalog/drawtabs/wacom/wacom-intuos3/README.md	catalog			
catalog/drawtabs/wacom/wacom-intuos3/wacom-ptz1230-notes.md	catalog			
catalog/drawtabs/wacom/wacom-intuos4/README.md	catalog			
catalog/drawtabs/wacom/wacom-intuos4/wacom-ptk1240-notes.md	catalog			
catalog/drawtabs/wacom/wacom-intuos5.md	catalog			
catalog/drawtabs/wacom/wacom-intuos5/wacom-pthx50-ptkx50-notes.md	catalog			
catalog/drawtabs/wacom/wacom-model-number-format.md	catalog			
catalog/drawtabs/wacom/wacom-movink/README.md	catalog			
catalog/drawtabs/wacom/wacom-movink/wacom-dth135-notes.md	catalog			
catalog/drawtabs/wacom/wacom-movinkpad/README.md	catalog			
catalog/drawtabs/wacom/wacom-movinkpad/wacom-ack45633z-notes.md	catalog			
catalog/drawtabs/wacom/wacom-movinkpad/wacom-dtha116-notes.md	catalog			
catalog/drawtabs/wacom/wacom-movinkpad/wacom-dtha140-notes.md	catalog			
catalog/drawtabs/wacom/wacom-one-vs-one-by-wacom.md	catalog			
catalog/drawtabs/wacom/wacom-one/README.md	catalog			
catalog/drawtabs/wacom/wacom-one/wacom-ctcx110wl-notes.md	catalog			
catalog/drawtabs/wacom/wacom-one/wacom-dtc133-notes.md	catalog			
catalog/drawtabs/wacom/wacom-one/wacom-dtc141-notes.md	catalog			
catalog/drawtabs/wacom/wacom-one/wacom-one-2023-pen-displays-notes.md	catalog			
catalog/drawtabs/wacom/wacom-pen-tablet-comparison.md	catalog			
catalog/drawtabs/wacom/wacom-sd-tablets/README.md	catalog			
catalog/drawtabs/wacom/wacom-sd-tablets/wacom-sd510c-notes.md	catalog			
catalog/drawtabs/wacom/wacom-standalone-tablet-landscape.md	catalog			
catalog/drawtabs/wacom/wacom-tablet-models.md	catalog			
catalog/drawtabs/wacom/wacom-tablet-release-history.md	catalog			
catalog/drawtabs/wacom/wacom-ud-series-notes.md	catalog			
catalog/drawtabs/wacom/wacom-wt-series.md	catalog			
catalog/drawtabs/xencelabs/README.md	catalog			
catalog/drawtabs/xencelabs/xencelabs-bph1212wa-notes.md	catalog			
catalog/drawtabs/xencelabs/xencelabs-lph1612ua-notes.md	catalog			
catalog/drawtabs/xencelabs/xencelabs-lph2412ua-notes.md	catalog			
catalog/drawtabs/xppen/README.md	catalog			
catalog/drawtabs/xppen/xppen-cd120fh-notes.md	catalog			
catalog/drawtabs/xppen/xppen-cd121fh-notes.md	catalog			
catalog/drawtabs/xppen/xppen-cd130fh-notes.md	catalog			
catalog/drawtabs/xppen/xppen-cd160fh-notes.md	catalog			
catalog/drawtabs/xppen/xppen-deco01v3-notes.md	catalog			
catalog/drawtabs/xppen/xppen-it1060b-notes.md	catalog			
catalog/drawtabs/xppen/xppen-md160qh-notes.md	catalog			
catalog/drawtabs/xppen/xppen-md160uh-notes-1.md	catalog			
catalog/drawtabs/xppen/xppen-md160uh-notes.md	catalog			
catalog/drawtabs/xppen/xppen-md180uh-notes.md	catalog			
catalog/drawtabs/xppen/xppen-md220fh-notes.md	catalog			
catalog/drawtabs/xppen/xppen-md220qh-notes.md	catalog			
catalog/drawtabs/xppen/xppen-md270uh-notes.md	catalog			
catalog/drawtabs/xppen/xppen-mdp-2024-notes.md	catalog			
catalog/drawtabs/xppen/xppen-mdp1221-notes.md	catalog			
catalog/drawtabs/xppen/xppen-mnp1095-notes.md	catalog			
catalog/drawtabs/xppen/xppen-mt1592b-notes.md	catalog			
catalog/drawtabs/xppen/xppen-pen-displays.md	catalog			
catalog/drawtabs/xppen/xppen-pen-tablets.md	catalog			
catalog/drawtabs/xppen/xppen-standalone.md	catalog			
catalog/pens/README.md	catalog			
catalog/pens/apple-pencil/README.md	catalog			
catalog/pens/apple-pencil/apple-pencil-notes.md	catalog			
catalog/pens/asus/README.md	catalog			
catalog/pens/asus/aus-mpa01-notes.md	catalog			
catalog/pens/huion-pens/README.md	catalog			
catalog/pens/huion-pens/huion-pentech.md	catalog			
catalog/pens/huion-pens/huion-pw100-notes.md	catalog			
catalog/pens/huion-pens/huion-pw110-notes.md	catalog			
catalog/pens/huion-pens/huion-pw500-notes.md	catalog			
catalog/pens/huion-pens/huion-pw507-notes.md	catalog			
catalog/pens/huion-pens/huion-pw517-notes.md	catalog			
catalog/pens/huion-pens/huion-pw550-notes.md	catalog			
catalog/pens/huion-pens/huion-pw600-notes.md	catalog			
catalog/pens/huion-pens/upgrading-pw517-to-pw550.md	catalog			
catalog/pens/microsoft-pens/README.md	catalog			
catalog/pens/microsoft-pens/surface-slim-pen-2-notes.md	catalog			
catalog/pens/samsung-s-pen/README.md	catalog			
catalog/pens/samsung-s-pen/samsung-s-pen-notes.md	catalog			
catalog/pens/samsung-s-pen/upgrading-to-wacom-cp913.md	catalog			
catalog/pens/wacom-pens/README.md	catalog			
catalog/pens/wacom-pens/wacom-acp500-notes.md	catalog			
catalog/pens/wacom-pens/wacom-acp500-vs-kp504e.md	catalog			
catalog/pens/wacom-pens/wacom-acp500-vs-kp701e.md	catalog			
catalog/pens/wacom-pens/wacom-acp700-notes.md	catalog			
catalog/pens/wacom-pens/wacom-cp913-notes.md	catalog			
catalog/pens/wacom-pens/wacom-cp923-notes.md	catalog			
catalog/pens/wacom-pens/wacom-gp300e-notes.md	catalog			
catalog/pens/wacom-pens/wacom-kp400e-notes.md	catalog			
catalog/pens/wacom-pens/wacom-kp504e-notes.md	catalog			
catalog/pens/wacom-pens/wacom-kp701e-notes.md	catalog			
catalog/pens/wacom-pens/wacom-lp1100k-notes.md	catalog			
catalog/pens/wacom-pens/wacom-lp170-notes.md	catalog			
catalog/pens/wacom-pens/wacom-lp190k-notes.md	catalog			
catalog/pens/wacom-pens/wacom-pen-compatibility.md	catalog			
catalog/pens/wacom-pens/wacom-pro-pen-1-kp-503e.md	catalog			
catalog/pens/wacom-pens/wacom-stroke-nib.md	catalog			
catalog/pens/wacom-pens/wacom-xp400e-notes.md	catalog			
catalog/pens/wacom-pens/wacom-xp501e-notes.md	catalog			
catalog/pens/wacom-pens/wacom-zp501e-notes.md	catalog			
catalog/pens/wacom-pens/wacom-zp600-notes.md	catalog			
catalog/pens/xencelabs-pens/README.md	catalog			
catalog/pens/xencelabs-pens/xencelabs-v1-pens-notes.md	catalog			
catalog/pens/xencelabs-pens/xencelabs-v2-pens-notes.md	catalog			
catalog/pens/xppen-pens/README.md	catalog			
catalog/pens/xppen-pens/xppen-p05-notes.md	catalog			
catalog/pens/xppen-pens/xppen-x3elitepen-notes.md	catalog			
catalog/pens/xppen-pens/xppen-x3propen-notes.md	catalog			
catalog/pens/xppen-pens/xppen-x4pen-notes.md	catalog			
core/README.md	core			
core/active-area/README.md	core			
core/active-area/absolute-versus-relative-positioning.md	core			
core/active-area/active-area-aspect-ratio.md	core			
core/active-area/active-area-mapping.md	core			
core/active-area/active-area-size.md	core			
core/active-area/display-toggle.md	core			
core/active-area/mouse-mode.md	core			
core/barrel-rotation.md	core			
core/bezel.md	core			
core/diagonal-wobble.md	core			
core/digitizer-resolution-density.md	core			
core/erasing.md	core			
core/expresskeys/README.md	core			
core/expresskeys/popular-bindings.md	core			
core/hover/README.md	core			
core/hover/hover-jitter.md	core			
core/lag.md	core			
core/nib-material.md	core			
core/nib-travel.md	core			
core/pointer-lag.md	core			
core/power/README.md	core			
core/power/power-delivery.md	core			
core/power/powering-drawtabs.md	core			
core/power/powering-pen.md	core			
core/pressure/README.md	core			
core/pressure/disable-pen-pressure.md	core			
core/pressure/drawing-low-pressure.md	core			
core/pressure/iaf.md	core			
core/pressure/maximum-physical-pressure.md	core			
core/pressure/pen-pressure-levels.md	core			
core/pressure/pen-pressure-response.md	core			
core/pressure/pressure-banding.md	core			
core/pressure/pressure-curves/README.md	core			
core/pressure/pressure-curves/pressure-curve-constrain-input.md	core			
core/pressure/pressure-curves/pressure-curve-constrain-output.md	core			
core/pressure/pressure-curves/pressure-curve-deadzone.md	core			
core/pressure/pressure-curves/pressure-curve-in-app.md	core			
core/pressure/pressure-curves/pressure-curve-in-driver.md	core			
core/pressure/pressure-curves/pressure-curve-misc.md	core			
core/pressure/pressure-curves/pressure-curve-null.md	core			
core/pressure/tilt-affects-pressure.md	core			
core/pwm-flicker.md	core			
core/surface-texture.md	core			
core/tilt/README.md	core			
core/tilt/tilt-compensation.md	core			
core/tracking.md	core			
faq.md	(root)			
guides/README.md	guides			
guides/advanced/README.md	guides			
guides/advanced/firmware.md	guides			
guides/advanced/tablet-reports.md	guides			
guides/computers-for-digital-art/README.md	guides			
guides/computers-for-digital-art/mini-pcs.md	guides			
guides/connecting/3rd-party-cables-for-drawtab/README.md	guides			
guides/connecting/3rd-party-cables-for-drawtab/my-cables-for-pen-tablets.md	guides			
guides/connecting/README.md	guides			
guides/connecting/connecting-pen-display/README.md	guides			
guides/connecting/connecting-pen-display/connecting-pen-display-gpu-usbc.md	guides			
guides/connecting/connecting-pen-display/connecting-pen-display-hdmi.md	guides			
guides/connecting/connecting-pen-display/connecting-pen-display-usbc.md	guides			
guides/connecting/connecting-pen-display/connecting-with-a-3-in-1-cable.md	guides			
guides/connecting/connecting-pen-display/motherboard-vs-gpu-hdmi.md	guides			
guides/connecting/connecting-pen-display/pen-display-with-mobile-device.md	guides			
guides/connecting/connecting-pen-tablet/README.md	guides			
guides/connecting/connecting-pen-tablet/connecting-with-serial-cable.md	guides			
guides/connecting/connecting-pen-tablet/wireless-connection.md	guides			
guides/connecting/connecting-pen-to-drawtab.md	guides			
guides/connecting/recessed-usbc-ports.md	guides			
guides/customizing/README.md	guides			
guides/customizing/calibrate-pen-position.md	guides			
guides/customizing/calibrating-color.md	guides			
guides/customizing/calibrating-pressure.md	guides			
guides/customizing/calibrating.md	guides			
guides/customizing/clamping-to-srgb.md	guides			
guides/customizing/controlling-pen-tip-behavior.md	guides			
guides/customizing/disable-tilt.md	guides			
guides/customizing/force-proportions.md	guides			
guides/customizing/lowering-iaf.md	guides			
guides/customizing/lowering-max-physical-pressure.md	guides			
guides/customizing/map-active-area-to-display.md	guides			
guides/customizing/matching-colors-across-displays.md	guides			
guides/customizing/metal-nibs.md	guides			
guides/customizing/mirroring-or-extending.md	guides			
guides/customizing/paper-texture.md	guides			
guides/customizing/pen-display-as-monitor.md	guides			
guides/customizing/pen-display-as-pen-tablet.md	guides			
guides/customizing/pen-tablets-with-ultrawide-monitors.md	guides			
guides/customizing/precision-mode.md	guides			
guides/customizing/pressure-smoothing.md	guides			
guides/customizing/raising-iaf.md	guides			
guides/customizing/replace-usb-port.md	guides			
guides/customizing/shrinking-active-area.md	guides			
guides/customizing/using-barrel-rotation.md	guides			
guides/customizing/using-tilt.md	guides			
guides/drawing/README.md	guides			
guides/drawing/brush-engine.md	guides			
guides/drawing/configure-smoothing-in-apps.md	guides			
guides/drawing/drawing-smooth-strokes.md	guides			
guides/drawing/enable-tilt-for-brushes.md	guides			
guides/drivers/README.md	guides			
guides/drivers/drawtab-without-installing-drivers.md	guides			
guides/drivers/finding-the-driver-settings-ui.md	guides			
guides/drivers/import-export-tablet-driver-config.md	guides			
guides/drivers/multiple-tablet-drivers.md	guides			
guides/drivers/older-tablet-drivers.md	guides			
guides/drivers/older-wacom-drivers.md	guides			
guides/drivers/opentabletdriver/README.md	guides			
guides/drivers/opentabletdriver/otd-app-data-directory.md	guides			
guides/drivers/opentabletdriver/otd-export-diagnostics.md	guides			
guides/drivers/opentabletdriver/otd-macos-install.md	guides			
guides/drivers/opentabletdriver/otd-notes.md	guides			
guides/drivers/opentabletdriver/otd-plugin-slimyscylla.md	guides			
guides/drivers/opentabletdriver/otd-smoothing.md	guides			
guides/drivers/opentabletdriver/otd-start-automatically.md	guides			
guides/drivers/opentabletdriver/otd-tablet-buttons.md	guides			
guides/drivers/opentabletdriver/otd-uninstall.md	guides			
guides/drivers/opentabletdriver/otd-vs-manufacturer-drivers.md	guides			
guides/drivers/opentabletdriver/otd-windows-install.md	guides			
guides/drivers/opentabletdriver/pressure-curves-in-otd.md	guides			
guides/drivers/tablet-driver-cleanup-tool.md	guides			
guides/drivers/tabletmagic.md	guides			
guides/drivers/uninstalling-tablet-drivers.md	guides			
guides/ergonomics/README.md	guides			
guides/ergonomics/drawtab-on-lap.md	guides			
guides/ergonomics/drawtabs-in-bed.md	guides			
guides/ergonomics/handedness.md	guides			
guides/ergonomics/heat.md	guides			
guides/ergonomics/noise.md	guides			
guides/ergonomics/orientation.md	guides			
guides/ergonomics/posture.md	guides			
guides/ergonomics/rotating-drawtab.md	guides			
guides/general/README.md	guides			
guides/general/connecting-multiple-drawtabs.md	guides			
guides/general/electromagnetic-interference.md	guides			
guides/general/extra-large-pen-tablets.md	guides			
guides/general/finding-pen-model-number.md	guides			
guides/general/finding-tablet-model-number.md	guides			
guides/general/large-pen-tablets.md	guides			
guides/general/model-names-vs-model-numbers.md	guides			
guides/general/older-drawtabs.md	guides			
guides/general/pen-tablet-monitor-size.md	guides			
guides/general/total-cost-of-ownership-tco.md	guides			
guides/general/transferring-files.md	guides			
guides/laptops-for-digital-art.md	guides			
guides/maintain/README.md	guides			
guides/maintain/avoid-dropping-pen.md	guides			
guides/maintain/cleaning-drawtabs.md	guides			
guides/maintain/dealing-with-water-damage.md	guides			
guides/maintain/etched-glass.md	guides			
guides/maintain/false-scratches.md	guides			
guides/maintain/nib-wear.md	guides			
guides/maintain/removing-broken-nib.md	guides			
guides/maintain/removing-nib.md	guides			
guides/maintain/removing-replacing-screen-protector.md	guides			
guides/maintain/replacing-nib.md	guides			
guides/maintain/replacing-pen.md	guides			
guides/maintain/retrobrighting.md	guides			
guides/maintain/scratches-pen-tablets.md	guides			
guides/maintain/storing-pen.md	guides			
guides/maintain/surface-wear-pen-displays.md	guides			
guides/maintain/surface-wear-pen-tablets.md	guides			
guides/maintain/texture-erosion-pen-tablets.md	guides			
guides/maintain/transporting-drawtab.md	guides			
guides/pen-displays/README.md	guides			
guides/pen-displays/ag-sparkle.md	guides			
guides/pen-displays/android-tablet-as-pen-display.md	guides			
guides/pen-displays/anti-glare-film.md	guides			
guides/pen-displays/brightness.md	guides			
guides/pen-displays/color-tint-on-edges.md	guides			
guides/pen-displays/dead-pixels.md	guides			
guides/pen-displays/display-connector-types.md	guides			
guides/pen-displays/display-resolution.md	guides			
guides/pen-displays/etched-glass-vs-film.md	guides			
guides/pen-displays/etched-glass.md	guides			
guides/pen-displays/hdmi-adapters/README.md	guides			
guides/pen-displays/hdmi-adapters/dp-to-hdmi-adapters.md	guides			
guides/pen-displays/hdmi-adapters/dvi-to-hdmi-adapters.md	guides			
guides/pen-displays/hdmi-adapters/usbc-to-hdmi-adapters.md	guides			
guides/pen-displays/hdmi-adapters/vga-to-hdmi-adapters.md	guides			
guides/pen-displays/hdmi-splitters.md	guides			
guides/pen-displays/lamination.md	guides			
guides/pen-displays/parallax.md	guides			
guides/pen-displays/reducing-ag-sparkle.md	guides			
guides/pen-displays/refresh-rate.md	guides			
guides/pen-displays/usbc-dp-alt-mode.md	guides			
guides/pens/README.md	guides			
guides/pens/pen-buttons.md	guides			
guides/pens/pen-compatibility.md	guides			
guides/pens/pen-teardown-huion-pen80.md	guides			
guides/pens/pen-weight-comparison.md	guides			
guides/pens/pen-weight.md	guides			
guides/platforms/README.md	guides			
guides/platforms/android/README.md	guides			
guides/platforms/android/drawtab-android-compat-testing.md	guides			
guides/platforms/android/using-drawtabs-with-android.md	guides			
guides/platforms/chromeos/README.md	guides			
guides/platforms/chromeos/chromebook-testing-results.md	guides			
guides/platforms/chromeos/drawtabs-with-chromeos.md	guides			
guides/platforms/ios-and-ipados/README.md	guides			
guides/platforms/ios-and-ipados/drawtabs-with-ios.md	guides			
guides/platforms/linux.md	guides			
guides/platforms/macos/README.md	guides			
guides/platforms/macos/display-resolution.md	guides			
guides/platforms/macos/using-drawtabs-with-macos.md	guides			
guides/platforms/windows/README.md	guides			
guides/platforms/windows/disable-display.md	guides			
guides/platforms/windows/disable-press-hold-ring.md	guides			
guides/platforms/windows/disable-ripple-effect-rings-in-windows.md	guides			
guides/platforms/windows/using-drawtabs-with-windows.md	guides			
guides/platforms/windows/windows-7-tablet-pc-features/README.md	guides			
guides/platforms/windows/windows-7-tablet-pc-features/disable-tablet-pc-features-on-windows-7.md	guides			
guides/platforms/windows/windows-7-tablet-pc-features/fixmypen-tool.md	guides			
guides/platforms/windows/windows-on-arm.md	guides			
guides/platforms/windows/windows-pen-and-touch-control-panel.md	guides			
guides/platforms/windows/windows-pen-and-windows-ink-settings.md	guides			
guides/platforms/windows/windows-pnp-compat-testing.md	guides			
guides/platforms/windows/windows-pnp-support.md	guides			
guides/platforms/windows/windows-tablet-pc-settings.md	guides			
guides/platforms/windows/winink/README.md	guides			
guides/platforms/windows/winink/winink-config-apps.md	guides			
guides/platforms/windows/winink/winink-config-driver.md	guides			
guides/platforms/windows/winink/winink-history.md	guides			
guides/platforms/windows/winink/winink-photoshop.md	guides			
guides/selling-drawtab.md	guides			
guides/touch/README.md	guides			
guides/touch/drawtabs-with-touch.md	guides			
misc/README.md	misc			
misc/circuit-simulations.md	misc			
misc/deprecated/README.md	misc			
misc/drawtab-history/README.md	misc			
misc/drawtab-history/appendix-other-histories.md	misc			
misc/drawtab-history/appendix-references.md	misc			
misc/drawtab-history/appendix-timeline.md	misc			
misc/drawtab-history/chapter-1-antiquity.md	misc			
misc/drawtab-history/chapter-2-terms.md	misc			
misc/drawtab-history/koalapad.md	misc			
misc/drawtab-history/preface.md	misc			
misc/surface-protectors-obsolete.md	misc			
process/README.md	process			
process/diagonal-wobble-data.md	process			
process/magnet-field-detection.md	process			
process/measuring/README.md	process			
process/measuring/measuring-diagonal-wobble.md	process			
process/measuring/measuring-display-sharpness.md	process			
process/measuring/measuring-hover.md	process			
process/measuring/measuring-pressure-banding.md	process			
process/measuring/measuring-pressure.md	process			
process/measuring/measuring-pwm-flicker.md	process			
process/measuring/measuring-report-rate.md	process			
process/microscope.md	process			
process/perfect-pressure-strokes.md	process			
process/pressure-range-data.md	process			
process/tablet-evaluation.md	process			
process/testing-drawing-experience.md	process			
process/testing-usbc-cables.md	process			
recs/2-in-1-laptop-recs.md	recs			
recs/README.md	recs			
recs/comparisons/2023-13inch-pen-displays-compared.md	recs			
recs/comparisons/2024-22inch-pen-displays-compared.md	recs			
recs/comparisons/2024-drawtab-tier-list.md	recs			
recs/comparisons/2024-large-pen-tablets-compared.md	recs			
recs/comparisons/2025-drawtab-tier-list.md	recs			
recs/comparisons/2025-pro-pens-compared.md	recs			
recs/comparisons/README.md	recs			
recs/mobile-device-recs.md	recs			
recs/pen-computer-recs.md	recs			
recs/pen-display-recs-large.md	recs			
recs/pen-display-recs-medium.md	recs			
recs/pen-display-recs-small.md	recs			
recs/pen-tablet-recs-large.md	recs			
recs/pen-tablet-recs-medium.md	recs			
recs/pen-tablet-recs-small.md	recs			
recs/scenario-recs/README.md	recs			
recs/scenario-recs/beginner-recs/README.md	recs			
recs/scenario-recs/beginner-recs/beginner-pen-display-recs.md	recs			
recs/scenario-recs/beginner-recs/beginner-pen-tablet-recs.md	recs			
recs/scenario-recs/beginner-recs/beginner-standalone-recs.md	recs			
recs/scenario-recs/note-taking-recs.md	recs			
recs/scenario-recs/osu-recs.md	recs			
recs/scenario-recs/whiteboarding-recs.md	recs			
ref/README.md	ref			
ref/standard-drawtab-sizes.md	ref			
resources/README.md	resources			
resources/community/README.md	resources			
resources/community/discord.md	resources			
resources/community/koyo.md	resources			
resources/community/kuuube/README.md	resources			
resources/community/kuuube/kuuube-drawtab-buying-guide.md	resources			
resources/community/kuuube/kuuube-wacom-mastersheet.md	resources			
resources/community/kuuube/kuuube-wacom-pen-compatibility.md	resources			
resources/community/reddit.md	resources			
resources/community/tablet-kitten.md	resources			
resources/community/youtube.md	resources			
resources/project-patchouli.md	resources			
resources/sevenpens-force-proportions-simulator.md	resources			
resources/sevenpens-pen-compatibility-list.md	resources			
resources/sevenpens-tablet-tester.md	resources			
resources/sevenpens-wacom-driver-list.md	resources			
resources/wonkle-tablet.md	resources			
tech/README.md	tech			
tech/aes.md	tech			
tech/apple-pencil-tech.md	tech			
tech/digital-pen-tech.md	tech			
tech/display-panel-tech.md	tech			
tech/emr/README.md	tech			
tech/emr/active-emr-vs-passive-emr.md	tech			
tech/emr/diy-emr-pen.md	tech			
tech/emr/emr-position-detection.md	tech			
tech/emr/emr-pressure-detection.md	tech			
tech/emr/emr-technical-resources.md	tech			
tech/emr/emr-tilt-detection.md	tech			
tech/ips-display-tech.md	tech			
tech/mpp.md	tech			
tech/oled-longevity.md	tech			
tech/pressure-curve-implement.md	tech			
tech/usi.md	tech			
tech/vesa.md	tech			
tech/wacom-patents.md	tech			
tech/wacom-ud-emr/README.md	tech			
tech/wacom-ud-emr/ud-emr-pens.md	tech			
tech/wacom-ud-emr/ud-emr-tablets.md	tech			
troubleshoot/README.md	troubleshoot			
troubleshoot/common-drawing-tsg-steps.md	troubleshoot			
troubleshoot/common-drawtab-problems.md	troubleshoot			
troubleshoot/diag-draw-grid.md	troubleshoot			
troubleshoot/diag-hdmi-from-other-sources.md	troubleshoot			
troubleshoot/diag-pressure-in-tablet-driver.md	troubleshoot			
troubleshoot/diag-reset-drawtab.md	troubleshoot			
troubleshoot/diag-tablet-driver-diagnostics.md	troubleshoot			
troubleshoot/diag-windows-pnp-tablet-drivers.md	troubleshoot			
troubleshoot/diag-windows-pnputil.md	troubleshoot			
troubleshoot/tsg-diamond-pointer-on-windows.md	troubleshoot			
troubleshoot/tsg-display-black-bars.md	troubleshoot			
troubleshoot/tsg-display-detection.md	troubleshoot			
troubleshoot/tsg-display-vertical-lines.md	troubleshoot			
troubleshoot/tsg-dots-at-start-of-strokes.md	troubleshoot			
troubleshoot/tsg-drawing-problems.md	troubleshoot			
troubleshoot/tsg-drawtab-detected-as-keyboard.md	troubleshoot			
troubleshoot/tsg-driver-drops-drawtab-support.md	troubleshoot			
troubleshoot/tsg-hard-to-reach-max-pressure.md	troubleshoot			
troubleshoot/tsg-multiple-pointers.md	troubleshoot			
troubleshoot/tsg-no-pressure-while-drawing.md	troubleshoot			
troubleshoot/tsg-no-signal.md	troubleshoot			
troubleshoot/tsg-no-sound.md	troubleshoot			
troubleshoot/tsg-not-enough-hdmi-ports.md	troubleshoot			
troubleshoot/tsg-pen-acts-as-mouse.md	troubleshoot			
troubleshoot/tsg-pen-display-always-shows-info-box.md	troubleshoot			
troubleshoot/tsg-pen-display-does-not-support-video-signal-format.md	troubleshoot			
troubleshoot/tsg-pen-display-doesnt-show-anything.md	troubleshoot			
troubleshoot/tsg-pen-display-flashing-colors.md	troubleshoot			
troubleshoot/tsg-pen-display-insects.md	troubleshoot			
troubleshoot/tsg-pen-display-power-saving.md	troubleshoot			
troubleshoot/tsg-pen-display-shows-nothing.md	troubleshoot			
troubleshoot/tsg-pen-display-turns-on-and-off.md	troubleshoot			
troubleshoot/tsg-pen-draws-while-hovering.md	troubleshoot			
troubleshoot/tsg-pentab-weird-feeling.md	troubleshoot			
troubleshoot/tsg-pixel-noise-on-display.md	troubleshoot			
troubleshoot/tsg-pointer-does-not-follow-pen.md	troubleshoot			
troubleshoot/tsg-pointer-on-wrong-display.md	troubleshoot			
troubleshoot/tsg-pointer-stuck-in-corner.md	troubleshoot			
troubleshoot/tsg-replace-lost-tablet-cable.md	troubleshoot			
troubleshoot/tsg-shoelaces-at-end-of-strokes.md	troubleshoot			
troubleshoot/tsg-skipping-bands.md	troubleshoot			
troubleshoot/tsg-strokes-delay-at-start.md	troubleshoot			
troubleshoot/tsg-strokes-distorted.md	troubleshoot			
troubleshoot/tsg-strokes-dots-at-end.md	troubleshoot			
troubleshoot/tsg-strokes-hooks-at-start.md	troubleshoot			
troubleshoot/tsg-strokes-quality-at-low-pressure.md	troubleshoot			
troubleshoot/tsg-strokes-random-gaps.md	troubleshoot			
troubleshoot/tsg-tablet-driver-does-not-detect-tablet.md	troubleshoot			
troubleshoot/tsg-tablet-driver-too-much-memory.md	troubleshoot			
troubleshoot/tsg-touch-on-wrong-display-windows.md	troubleshoot			
troubleshoot/tsg-wifi-and-internet-problems.md	troubleshoot			
